<Block>
  <Debug>False</Debug>

  <ID>1</ID>

  <Name>Reversed Double Wooden Block</Name>

  <Mass>0.5</Mass>

  <SearchKeywords>
    <Keyword>Double</Keyword>
    <keyword>wooden</keyword>
    <Keyword>reversed</Keyword>
    <Keyword>ABS</Keyword>
  </SearchKeywords>

  <Script>ABSspace.AdditionalBlockController.ReversedDoubleWoodenBlock</Script>

  <Mesh name="dWoodenBlockMesh">
    <Position x="0.0" y="0.0" z="1.5" />
    <Rotation x="-90" y="0.0" z="0.0" />
    <Scale x="0.5" y="0.5" z="0.5" />
  </Mesh>

  <Texture name="dWoodenBlockTex" />

  <Icon>
    <Position x="-0.1" y="-0.2" z="-0.5" />
    <!--right, up, front-->
    <Rotation x="20.0" y="145.0" z="40" />
    <!--left, down, front-->
    <Scale x="0.18" y="0.18" z="0.18" />
  </Icon>

  <Colliders>
    <BoxCollider ignoreForGhost="true">
      <Position x="0.0" y="0.0" z="0.0" />
      <Rotation x="0.0" y="0.0" z="0.0" />
      <Scale x="1.0" y="1.0" z="1.0" />
    </BoxCollider>
  </Colliders>
  <BasePoint hasAddingPoint="false">
    <Stickiness enabled="true" radius="0.6" />
    <Motion x="false" y="false" z="false" />
  </BasePoint>
  <AddingPoints>
    <AddingPoint>
      <Position x="0.0" y="0.0" z="0.0" />
      <Rotation x="0.0" y="0.0" z="0.0" />
      <Stickiness enabled="false" radius="0"/>
    </AddingPoint>
  </AddingPoints>
</Block>