<Block>
	<Debug>False</Debug>
	
	<ID>5</ID>
	
	<Name>Reversed Hinge</Name>
	
	<Mass>0.5</Mass>
	
  <SearchKeywords>
    <Keyword>Hinge</Keyword>
    <Keyword>reversed</Keyword>
    <Keyword>ABS</Keyword>
  </SearchKeywords>
	
	<Script>ABSspace.AdditionalBlockController.ReversedHinge</Script>
	
	<Mesh name="hingeMesh">
		<Position x="0.0" y="0.0" z="1.0" />
		<Rotation x="0.0" y="0.0" z="0.0" />
		<Scale x="0.61" y="0.61" z="0.61" />
	</Mesh>
	
	<Texture name="hingeTex" />

  <Icon>
    <Position x="0.1" y="-0.2" z="-0.5" />
    <!--right, up, front-->
    <Rotation x="20.0" y="145.0" z="-10.0" />
    <!--left, down, front-->
    <Scale x="0.3" y="0.3" z="0.3" />
  </Icon>
	
	<Colliders ignoreForGhost="true">
		<BoxCollider>
			<Position x="0.0" y="0.0" z="0.0" />
			<Rotation x="0.0" y="0.0" z="0.0" />
			<Scale x="1.0" y="1.0" z="1.0" />
		</BoxCollider>
	</Colliders>
	
	<BasePoint hasAddingPoint="false">
		<Stickiness enabled="true" radius="0.6" />
		<Motion x="false" y="false" z="false" />
	</BasePoint>
	
	<AddingPoints>
		<AddingPoint>
			<Position x="0.0" y="0.0" z="0.0" />
			<Rotation x="0.0" y="0.0" z="0.0" />
			<Stickiness enabled="false" radius="0"/>
		</AddingPoint>
	</AddingPoints>
</Block>