<Block>
  <Debug>False</Debug>

  <ID>41</ID>

  <Name>Reversed Wooden Pole</Name>

  <Mass>0.5</Mass>

  <SearchKeywords>
    <Keyword>Wooden</Keyword>
    <Keyword>pole</Keyword>
    <Keyword>reversed</Keyword>
    <Keyword>ABS</Keyword>
  </SearchKeywords>

  <Script>ABSspace.AdditionalBlockController.ReversedWoodenPole</Script>

  <Mesh name="woodenPoleMesh">
    <Position x="0.0" y="0.0" z="2.0" />
    <Rotation x="0.0" y="-90" z="90" />
    <Scale x="0.5" y="0.5" z="0.5" />
  </Mesh>

  <Texture name="woodenPoleTex" />

  <Icon>
    <Position x="-0.2" y="-0.2" z="-0.5" />
    <!--right, up, front-->
    <Rotation x="20.0" y="145.0" z="40" />
    <!--left, down, front-->
    <Scale x="0.19" y="0.19" z="0.19" />
  </Icon>

  <Colliders>
    <BoxCollider ignoreForGhost="true">
      <Position x="0.0" y="0.0" z="0.0" />
      <Rotation x="0.0" y="0.0" z="0.0" />
      <Scale x="1.0" y="1.0" z="1.0" />
    </BoxCollider>
  </Colliders>
  <BasePoint hasAddingPoint="false">
    <Stickiness enabled="true" radius="0.6" />
    <Motion x="false" y="false" z="false" />
  </BasePoint>
  <AddingPoints>
    <AddingPoint>
      <Position x="0.0" y="0.0" z="0.0" />
      <Rotation x="0.0" y="0.0" z="0.0" />
      <Stickiness enabled="false" radius="0"/>
    </AddingPoint>
  </AddingPoints>
</Block>